Key,Count
Method,1048
Backbone,94
a,15
b,15
\\lambda,15
Training Data,8
Row,12
Training Loss,4
Solver,4
NLL distributions,8
pose representation,8
Object,156
Type,20
T,4
Model,103
Camera Model,4
Access,4
Venue,27
Diffusion,2
JPMA,2
H,37
Setting,2
Level,5
K,35
Target,4
Location,3
Dataset,190
HR-W,16
Body Part,16
RGB Type,56
Input Modality,96
Input,84
Input Type,36
Strategy,9
\\mathcal{T},15
\\alpha,15
Data Type,60
ID,28
Main Loss,15
Î»_KL,8
Î»_reg,12
Î»_crd,8
Î»_proj,8
PyTorch Version,10
Heads,4
PnP,2
Total,2
Scoring method,8
Dataset setting,36
Targets,120
error policies,30
Lighting,66
Augmentation,30
Lighting Condition,30
Refinement,36
Category,81
Online,20
Model Config,36
IST,25
CE,25
WE,25
Configuration,25
PE,12
Prior,47
Î»f,49
Loss Type,14
